name,email,departure_city,home_airport,start_date,end_date,available_dates,budget,budget_flex_pct,trip_length_days_min,trip_length_days_max,max_travel_hours,direct_flight_only,travel_pace,accommodation_type,room_type,nightlife_priority,food_priority,culture_priority,outdoors_priority,top_interests,climate_preference,avoid_crowds,safety_priority,accessibility_needs,dietary_restrictions,passport_ready,preferred_time_zone,must_have,dealbreakers,notes
Emma,emma@example.com,Savannah,SAV,6/15/2026,6/24/2026,2026-06-15..2026-06-24,9000,0.1,3,5,5,False,relaxed,hotel,private,low,high,high,medium,"history,food,walking_tours,beach",warm,True,high,none,none,True,eastern,"culture,good_food,beach",crowded_places,Exclude Savannah as destination (anyone-rule)
Liam,liam@example.com,Charleston,CHS,6/15/2026,6/24/2026,2026-06-15..2026-06-24,9000,0.1,4,6,5,False,moderate,apartment,private,medium,high,medium,medium,"food,architecture,markets,beach",warm,True,medium,none,none,True,eastern,"good_food,beach",over_budget,Exclude Charleston as destination
Harper,harper@example.com,Madison,MSN,6/15/2026,6/24/2026,2026-06-15..2026-06-24,9000,0.1,3,5,5,False,moderate,hotel,private,medium,high,high,medium,"museums,food,live_music,beach",mild,True,high,none,vegetarian,True,central,"culture,good_food,beach",long_travel_time,Exclude Madison as destination
Noah,noah2@example.com,Burlington,BTV,6/15/2026,6/24/2026,2026-06-15..2026-06-24,9000,0.1,3,5,6,False,relaxed,inn,private,low,medium,medium,high,"nature,relaxation,scenic_views,beach",cool,True,medium,none,none,True,eastern,"nature,beach",too_hot,Exclude Burlington as destination
Sofia,sofia2@example.com,Mobile,MOB,6/15/2026,6/24/2026,2026-06-15..2026-06-24,9000,0.05,3,4,4,True,fast,hotel,shared,high,high,low,low,"nightlife,beach,food",warm,False,low,none,none,True,central,"nightlife,beach",too_quiet,Exclude Mobile as destination
Elijah,elijah@example.com,Knoxville,TYS,6/15/2026,6/24/2026,2026-06-15..2026-06-24,9000,0.1,4,6,5,False,moderate,apartment,private,low,medium,high,high,"hiking,history,parks,beach",mild,True,high,none,none,True,eastern,"outdoors,culture,beach",crowds,Exclude Knoxville as destination
Mila,mila@example.com,Fayetteville,XNA,6/15/2026,6/24/2026,2026-06-15..2026-06-24,9000,0.1,3,5,5,False,moderate,hotel,shared,medium,high,medium,medium,"food,local_markets,art,beach",warm,True,medium,none,gluten_free,True,central,"good_food,beach",too_cold,Exclude Fayetteville as destination
Jordan,jordan@example.com,Chicago,ORD,6/15/2026,6/24/2026,2026-06-15..2026-06-24,9000,0.1,3,5,5,False,fast,hotel,shared,high,high,low,medium,"beach,nightlife,live_music,festivals",warm,False,medium,none,none,True,central,"beach,nightlife",too_quiet,"Chicago-origin; wants beach, partying, exciting nightlife."
Tyler,tyler@example.com,Philadelphia,PHL,6/15/2026,6/24/2026,2026-06-15..2026-06-24,9000,0.1,3,5,5,False,fast,hotel,shared,high,high,low,medium,"beach,nightlife,clubs,festivals",warm,False,medium,none,none,True,eastern,"beach,nightlife",too_quiet,"Philadelphia-origin; wants beach, partying, high-energy atmosphere."
Riley,riley@example.com,Nashville,BNA,6/15/2026,6/24/2026,2026-06-15..2026-06-24,9000,0.1,3,5,5,False,fast,hotel,shared,high,high,low,medium,"beach,nightlife,live_music,festivals",warm,False,medium,none,none,True,central,"beach,nightlife",too_quiet,Nashville-origin; same beach + nightlife + exciting vibe as other party travelers.
